category_id,primary_category_name,created_at,updated_at,
23416,Phan bon,2025-08-19 00:00:00,2025-08-19 00:00:00,
2153,"Pin tieu, pin sac",2025-08-20 00:00:00,2025-08-20 00:00:00,
1936,Binh giu nhiet,2025-08-21 00:00:00,2025-08-21 00:00:00,
1883,Nha Cua - 핦i Song,2025-08-22 00:00:00,2025-08-22 00:00:00,
1936,Binh giu nhiet,2025-08-23 00:00:00,2025-08-23 00:00:00,
1936,Binh giu nhiet,2025-08-24 00:00:00,2025-08-24 00:00:00,
1936,Binh giu nhiet,2025-08-25 00:00:00,2025-08-25 00:00:00,
1883,Nha Cua - 핦i Song,2025-08-26 00:00:00,2025-08-26 00:00:00,
6812,Bo lau nha,2025-08-27 00:00:00,2025-08-27 00:00:00,
27130,Voi xit ve sinh,2025-08-28 00:00:00,2025-08-28 00:00:00,
2153,"Pin tieu, pin sac",2025-08-29 00:00:00,2025-08-29 00:00:00,
1883,Nha Cua - 핦i Song,2025-08-30 00:00:00,2025-08-30 00:00:00,
1936,Binh giu nhiet,2025-08-31 00:00:00,2025-08-31 00:00:00,
67840,"Ly, coc nuoc",2025-09-01 00:00:00,2025-09-01 00:00:00,
1936,Binh giu nhiet,2025-09-02 00:00:00,2025-09-02 00:00:00,
2153,"Pin tieu, pin sac",2025-09-03 00:00:00,2025-09-03 00:00:00,
6812,Bo lau nha,2025-09-04 00:00:00,2025-09-04 00:00:00,
27118,Dep nha tam,2025-09-05 00:00:00,2025-09-05 00:00:00,
67837,Ly giu nhiet,2025-09-06 00:00:00,2025-09-06 00:00:00,
2237,Gang tay ve sinh nha tam,2025-09-07 00:00:00,2025-09-07 00:00:00,
1883,Nha Cua - 핦i Song,2025-09-08 00:00:00,2025-09-08 00:00:00,
1984,Chao chien,2025-09-09 00:00:00,2025-09-09 00:00:00,
67548,Hop nhua dung thuc pham,2025-09-10 00:00:00,2025-09-10 00:00:00,
1936,Binh giu nhiet,2025-09-11 00:00:00,2025-09-11 00:00:00,
1936,Binh giu nhiet,2025-09-12 00:00:00,2025-09-12 00:00:00,
23294,Ly tra,2025-09-13 00:00:00,2025-09-13 00:00:00,
23248,Khan tam,2025-09-14 00:00:00,2025-09-14 00:00:00,
68035,Bo hop com giu nhiet,2025-09-15 00:00:00,2025-09-15 00:00:00,
1883,Nha Cua - 핦i Song,2025-09-16 00:00:00,2025-09-16 00:00:00,
1883,Nha Cua - 핦i Song,2025-09-17 00:00:00,2025-09-17 00:00:00,
1883,Nha Cua - 핦i Song,2025-09-18 00:00:00,2025-09-18 00:00:00,
23026,Tui dung rac,2025-09-19 00:00:00,2025-09-19 00:00:00,
2021,O cam & cong tac dien,2025-09-20 00:00:00,2025-09-20 00:00:00,
23282,Binh dung nuoc,2025-09-21 00:00:00,2025-09-21 00:00:00,
68035,Bo hop com giu nhiet,2025-09-22 00:00:00,2025-09-22 00:00:00,
67837,Ly giu nhiet,2025-09-23 00:00:00,2025-09-23 00:00:00,
23220,"Khay, khuon lam da",2025-09-24 00:00:00,2025-09-24 00:00:00,
2021,O cam & cong tac dien,2025-09-25 00:00:00,2025-09-25 00:00:00,
5995,"Ao mua, o du va phu kien di mua",2025-09-26 00:00:00,2025-09-26 00:00:00,
23648,Quay bar,2025-09-27 00:00:00,2025-09-27 00:00:00,
1795,할en thoai Smartphone,2025-09-28 00:00:00,2025-09-28 00:00:00,
1795,할en thoai Smartphone,2025-09-29 00:00:00,2025-09-29 00:00:00,
1795,할en thoai Smartphone,2025-09-30 00:00:00,2025-09-30 00:00:00,
1795,할en thoai Smartphone,2025-10-01 00:00:00,2025-10-01 00:00:00,
1795,할en thoai Smartphone,2025-10-02 00:00:00,2025-10-02 00:00:00,
1795,할en thoai Smartphone,2025-10-03 00:00:00,2025-10-03 00:00:00,
1795,할en thoai Smartphone,2025-10-04 00:00:00,2025-10-04 00:00:00,
1795,할en thoai Smartphone,2025-10-05 00:00:00,2025-10-05 00:00:00,
1795,할en thoai Smartphone,2025-10-06 00:00:00,2025-10-06 00:00:00,
1794,May tinh bang,2025-10-07 00:00:00,2025-10-07 00:00:00,
1789,할en Thoai - May Tinh Bang,2025-10-08 00:00:00,2025-10-08 00:00:00,
1795,할en thoai Smartphone,2025-10-09 00:00:00,2025-10-09 00:00:00,
1795,할en thoai Smartphone,2025-10-10 00:00:00,2025-10-10 00:00:00,
1795,할en thoai Smartphone,2025-10-11 00:00:00,2025-10-11 00:00:00,
1795,할en thoai Smartphone,2025-10-12 00:00:00,2025-10-12 00:00:00,
1796,할en thoai pho thong,2025-10-13 00:00:00,2025-10-13 00:00:00,
1795,할en thoai Smartphone,2025-10-14 00:00:00,2025-10-14 00:00:00,
1789,할en Thoai - May Tinh Bang,2025-10-15 00:00:00,2025-10-15 00:00:00,
1795,할en thoai Smartphone,2025-10-16 00:00:00,2025-10-16 00:00:00,
1794,May tinh bang,2025-10-17 00:00:00,2025-10-17 00:00:00,
1795,할en thoai Smartphone,2025-10-18 00:00:00,2025-10-18 00:00:00,
1794,May tinh bang,2025-10-19 00:00:00,2025-10-19 00:00:00,
1794,May tinh bang,2025-10-20 00:00:00,2025-10-20 00:00:00,
1796,할en thoai pho thong,2025-10-21 00:00:00,2025-10-21 00:00:00,
1795,할en thoai Smartphone,2025-10-22 00:00:00,2025-10-22 00:00:00,
1795,할en thoai Smartphone,2025-10-23 00:00:00,2025-10-23 00:00:00,
1795,할en thoai Smartphone,2025-10-24 00:00:00,2025-10-24 00:00:00,
1795,할en thoai Smartphone,2025-10-25 00:00:00,2025-10-25 00:00:00,
1795,할en thoai Smartphone,2025-10-26 00:00:00,2025-10-26 00:00:00,
2,Root,2025-10-27 00:00:00,2025-10-27 00:00:00,
1795,할en thoai Smartphone,2025-10-28 00:00:00,2025-10-28 00:00:00,
1795,할en thoai Smartphone,2025-10-29 00:00:00,2025-10-29 00:00:00,
1789,할en Thoai - May Tinh Bang,2025-10-30 00:00:00,2025-10-30 00:00:00,
1795,할en thoai Smartphone,2025-10-31 00:00:00,2025-10-31 00:00:00,
1795,할en thoai Smartphone,2025-11-01 00:00:00,2025-11-01 00:00:00,
1789,할en Thoai - May Tinh Bang,2025-11-02 00:00:00,2025-11-02 00:00:00,
1795,할en thoai Smartphone,2025-11-03 00:00:00,2025-11-03 00:00:00,
1794,May tinh bang,2025-11-04 00:00:00,2025-11-04 00:00:00,
1789,할en Thoai - May Tinh Bang,2025-11-05 00:00:00,2025-11-05 00:00:00,
1795,할en thoai Smartphone,2025-11-06 00:00:00,2025-11-06 00:00:00,
2601,Sua cho be duoi 24 thang ,2025-11-07 00:00:00,2025-11-07 00:00:00,
2601,Sua cho be duoi 24 thang ,2025-11-08 00:00:00,2025-11-08 00:00:00,
2601,Sua cho be duoi 24 thang ,2025-11-09 00:00:00,2025-11-09 00:00:00,
2553,Ta quan,2025-11-10 00:00:00,2025-11-10 00:00:00,
68461,Sua nuoc chuc nang cho nguoi lon,2025-11-11 00:00:00,2025-11-11 00:00:00,
2549,핦 Choi - Me & Be,2025-11-12 00:00:00,2025-11-12 00:00:00,
2553,Ta quan,2025-11-13 00:00:00,2025-11-13 00:00:00,
2553,Ta quan,2025-11-14 00:00:00,2025-11-14 00:00:00,
68460,Sua bot chuc nang cho nguoi lon,2025-11-15 00:00:00,2025-11-15 00:00:00,
2602,Sua cho be tren 24 thang,2025-11-16 00:00:00,2025-11-16 00:00:00,
2549,핦 Choi - Me & Be,2025-11-17 00:00:00,2025-11-17 00:00:00,
2553,Ta quan,2025-11-18 00:00:00,2025-11-18 00:00:00,
2553,Ta quan,2025-11-19 00:00:00,2025-11-19 00:00:00,
2552,Ta dan,2025-11-20 00:00:00,2025-11-20 00:00:00,
2552,Ta dan,2025-11-21 00:00:00,2025-11-21 00:00:00,
2602,Sua cho be tren 24 thang,2025-11-22 00:00:00,2025-11-22 00:00:00,
2553,Ta quan,2025-11-23 00:00:00,2025-11-23 00:00:00,
2549,핦 Choi - Me & Be,2025-11-24 00:00:00,2025-11-24 00:00:00,
2,Root,2025-11-25 00:00:00,2025-11-25 00:00:00,
2553,Ta quan,2025-11-26 00:00:00,2025-11-26 00:00:00,
68461,Sua nuoc chuc nang cho nguoi lon,2025-11-27 00:00:00,2025-11-27 00:00:00,
2602,Sua cho be tren 24 thang,2025-11-28 00:00:00,2025-11-28 00:00:00,
2601,Sua cho be duoi 24 thang ,2025-11-29 00:00:00,2025-11-29 00:00:00,
2600,Sua bot cho be,2025-11-30 00:00:00,2025-11-30 00:00:00,
2553,Ta quan,2025-12-01 00:00:00,2025-12-01 00:00:00,
2601,Sua cho be duoi 24 thang ,2025-12-02 00:00:00,2025-12-02 00:00:00,
2552,Ta dan,2025-12-03 00:00:00,2025-12-03 00:00:00,
68460,Sua bot chuc nang cho nguoi lon,2025-12-04 00:00:00,2025-12-04 00:00:00,
2553,Ta quan,2025-12-05 00:00:00,2025-12-05 00:00:00,
1831,Ban Di Chuot - Mieng Lot Chuot,2025-12-06 00:00:00,2025-12-06 00:00:00,
28484,Mieng Dan Man Hinh 할en Thoai,2025-12-07 00:00:00,2025-12-07 00:00:00,
20222,Day 한o va Phu Kien Trang Tri,2025-12-08 00:00:00,2025-12-08 00:00:00,
4428,Tai Nghe Co Day Nhet Tai,2025-12-09 00:00:00,2025-12-09 00:00:00,
28458,Day Cap Sac 하 Nang,2025-12-10 00:00:00,2025-12-10 00:00:00,
4428,Tai Nghe Co Day Nhet Tai,2025-12-11 00:00:00,2025-12-11 00:00:00,
1831,Ban Di Chuot - Mieng Lot Chuot,2025-12-12 00:00:00,2025-12-12 00:00:00,
12908,Adapter Sac - Cu Sac Thuong,2025-12-13 00:00:00,2025-12-13 00:00:00,
4428,Tai Nghe Co Day Nhet Tai,2025-12-14 00:00:00,2025-12-14 00:00:00,
2,Root,2025-12-15 00:00:00,2025-12-15 00:00:00,
1815,Thiet Bi So - Phu Kien So,2025-12-16 00:00:00,2025-12-16 00:00:00,
1804,Tai Nghe Co Day,2025-12-17 00:00:00,2025-12-17 00:00:00,
28452,SIM Data - SIM 3G / 4G,2025-12-18 00:00:00,2025-12-18 00:00:00,
1815,Thiet Bi So - Phu Kien So,2025-12-19 00:00:00,2025-12-19 00:00:00,
1838,Chuot Van Phong Khong Day,2025-12-20 00:00:00,2025-12-20 00:00:00,
67156,Cap dong ho thong minh,2025-12-21 00:00:00,2025-12-21 00:00:00,
1838,Chuot Van Phong Khong Day,2025-12-22 00:00:00,2025-12-22 00:00:00,
1838,Chuot Van Phong Khong Day,2025-12-23 00:00:00,2025-12-23 00:00:00,
1815,Thiet Bi So - Phu Kien So,2025-12-24 00:00:00,2025-12-24 00:00:00,
1838,Chuot Van Phong Khong Day,2025-12-25 00:00:00,2025-12-25 00:00:00,
1815,Thiet Bi So - Phu Kien So,2025-12-26 00:00:00,2025-12-26 00:00:00,
4428,Tai Nghe Co Day Nhet Tai,2025-12-27 00:00:00,2025-12-27 00:00:00,
5006,"Day Cap Sac iPhone, iPad",2025-12-28 00:00:00,2025-12-28 00:00:00,
8400,Tai Nghe True Wireless,2025-12-29 00:00:00,2025-12-29 00:00:00,
1815,Thiet Bi So - Phu Kien So,2025-12-30 00:00:00,2025-12-30 00:00:00,
1838,Chuot Van Phong Khong Day,2025-12-31 00:00:00,2025-12-31 00:00:00,
28484,Mieng Dan Man Hinh 할en Thoai,2026-01-01 00:00:00,2026-01-01 00:00:00,
12908,Adapter Sac - Cu Sac Thuong,2026-01-02 00:00:00,2026-01-02 00:00:00,
1831,Ban Di Chuot - Mieng Lot Chuot,2026-01-03 00:00:00,2026-01-03 00:00:00,
1838,Chuot Van Phong Khong Day,2026-01-04 00:00:00,2026-01-04 00:00:00,
5006,"Day Cap Sac iPhone, iPad",2026-01-05 00:00:00,2026-01-05 00:00:00,
28574,Bao Da - Op Lung 할en Thoai iPhone,2026-01-06 00:00:00,2026-01-06 00:00:00,
12294,Day Cap Sac USB Type-C,2026-01-07 00:00:00,2026-01-07 00:00:00,
5006,"Day Cap Sac iPhone, iPad",2026-01-08 00:00:00,2026-01-08 00:00:00,
2657,핦ng Ho Thong Minh,2026-01-09 00:00:00,2026-01-09 00:00:00,
12294,Day Cap Sac USB Type-C,2026-01-10 00:00:00,2026-01-10 00:00:00,
1815,Thiet Bi So - Phu Kien So,2026-01-11 00:00:00,2026-01-11 00:00:00,
8400,Tai Nghe True Wireless,2026-01-12 00:00:00,2026-01-12 00:00:00,
1815,Thiet Bi So - Phu Kien So,2026-01-13 00:00:00,2026-01-13 00:00:00,
1815,Thiet Bi So - Phu Kien So,2026-01-14 00:00:00,2026-01-14 00:00:00,
1882,할en Gia Dung,2026-01-15 00:00:00,2026-01-15 00:00:00,
1882,할en Gia Dung,2026-01-16 00:00:00,2026-01-16 00:00:00,
1882,할en Gia Dung,2026-01-17 00:00:00,2026-01-17 00:00:00,
1882,할en Gia Dung,2026-01-18 00:00:00,2026-01-18 00:00:00,
1882,할en Gia Dung,2026-01-19 00:00:00,2026-01-19 00:00:00,
1882,할en Gia Dung,2026-01-20 00:00:00,2026-01-20 00:00:00,
1882,할en Gia Dung,2026-01-21 00:00:00,2026-01-21 00:00:00,
2334,May say toc,2026-01-22 00:00:00,2026-01-22 00:00:00,
1882,할en Gia Dung,2026-01-23 00:00:00,2026-01-23 00:00:00,
1931,Binh dun sieu toc,2026-01-24 00:00:00,2026-01-24 00:00:00,
1882,할en Gia Dung,2026-01-25 00:00:00,2026-01-25 00:00:00,
2039,Hut bui cam tay,2026-01-26 00:00:00,2026-01-26 00:00:00,
23808,Bep dien tu don,2026-01-27 00:00:00,2026-01-27 00:00:00,
1634,Dung cu cat toc,2026-01-28 00:00:00,2026-01-28 00:00:00,
1882,할en Gia Dung,2026-01-29 00:00:00,2026-01-29 00:00:00,
1894,Noi ap suat dien,2026-01-30 00:00:00,2026-01-30 00:00:00,
24076,Quat mini,2026-01-31 00:00:00,2026-01-31 00:00:00,
1895,Noi lau dien,2026-02-01 00:00:00,2026-02-01 00:00:00,
1882,할en Gia Dung,2026-02-02 00:00:00,2026-02-02 00:00:00,
24040,May pha ca phe gia dinh,2026-02-03 00:00:00,2026-02-03 00:00:00,
24076,Quat mini,2026-02-04 00:00:00,2026-02-04 00:00:00,
2315,May lam banh,2026-02-05 00:00:00,2026-02-05 00:00:00,
1994,Ban ui hoi nuoc,2026-02-06 00:00:00,2026-02-06 00:00:00,
2039,Hut bui cam tay,2026-02-07 00:00:00,2026-02-07 00:00:00,
55948,"Tong do, may cat toc",2026-02-08 00:00:00,2026-02-08 00:00:00,
5313,Noi da nang,2026-02-09 00:00:00,2026-02-09 00:00:00,
26492,Phu kien may loc nuoc,2026-02-10 00:00:00,2026-02-10 00:00:00,
1882,할en Gia Dung,2026-02-11 00:00:00,2026-02-11 00:00:00,
1882,할en Gia Dung,2026-02-12 00:00:00,2026-02-12 00:00:00,
8123,Noi chien,2026-02-13 00:00:00,2026-02-13 00:00:00,
1882,할en Gia Dung,2026-02-14 00:00:00,2026-02-14 00:00:00,
1882,할en Gia Dung,2026-02-15 00:00:00,2026-02-15 00:00:00,
2334,May say toc,2026-02-16 00:00:00,2026-02-16 00:00:00,
1882,할en Gia Dung,2026-02-17 00:00:00,2026-02-17 00:00:00,
1882,할en Gia Dung,2026-02-18 00:00:00,2026-02-18 00:00:00,
1989,May cao rau,2026-02-19 00:00:00,2026-02-19 00:00:00,
11941,"May ep, duoi toc",2026-02-20 00:00:00,2026-02-20 00:00:00,
1882,할en Gia Dung,2026-02-21 00:00:00,2026-02-21 00:00:00,
1882,할en Gia Dung,2026-02-22 00:00:00,2026-02-22 00:00:00,
1882,할en Gia Dung,2026-02-23 00:00:00,2026-02-23 00:00:00,
5865,Bong tay trang,2026-02-24 00:00:00,2026-02-24 00:00:00,
1520,Lam 한p - Suc Khoe,2026-02-25 00:00:00,2026-02-25 00:00:00,
5865,Bong tay trang,2026-02-26 00:00:00,2026-02-26 00:00:00,
1630,Bao cao su,2026-02-27 00:00:00,2026-02-27 00:00:00,
68295,Dau goi sach gau,2026-02-28 00:00:00,2026-02-28 00:00:00,
1631,Gel boi tron,2026-03-01 00:00:00,2026-03-01 00:00:00,
1602,Xa phong tam,2026-03-02 00:00:00,2026-03-02 00:00:00,
1583,Sua rua mat,2026-03-03 00:00:00,2026-03-03 00:00:00,
1630,Bao cao su,2026-03-04 00:00:00,2026-03-04 00:00:00,
45732,Tay te bao chet vat li,2026-03-05 00:00:00,2026-03-05 00:00:00,
68295,Dau goi sach gau,2026-03-06 00:00:00,2026-03-06 00:00:00,
1583,Sua rua mat,2026-03-07 00:00:00,2026-03-07 00:00:00,
1630,Bao cao su,2026-03-08 00:00:00,2026-03-08 00:00:00,
1583,Sua rua mat,2026-03-09 00:00:00,2026-03-09 00:00:00,
3422,Kem chong nang,2026-03-10 00:00:00,2026-03-10 00:00:00,
5865,Bong tay trang,2026-03-11 00:00:00,2026-03-11 00:00:00,
68322,Kem danh rang ngua sau rang,2026-03-12 00:00:00,2026-03-12 00:00:00,
1583,Sua rua mat,2026-03-13 00:00:00,2026-03-13 00:00:00,
1520,Lam 한p - Suc Khoe,2026-03-14 00:00:00,2026-03-14 00:00:00,
1520,Lam 한p - Suc Khoe,2026-03-15 00:00:00,2026-03-15 00:00:00,
1520,Lam 한p - Suc Khoe,2026-03-16 00:00:00,2026-03-16 00:00:00,
68587,Khu mui cho nam,2026-03-17 00:00:00,2026-03-17 00:00:00,
68588,Khu mui cho nu,2026-03-18 00:00:00,2026-03-18 00:00:00,
1598,Sua tam,2026-03-19 00:00:00,2026-03-19 00:00:00,
1583,Sua rua mat,2026-03-20 00:00:00,2026-03-20 00:00:00,
8602,Tinh dau,2026-03-21 00:00:00,2026-03-21 00:00:00,
1520,Lam 한p - Suc Khoe,2026-03-22 00:00:00,2026-03-22 00:00:00,
1520,Lam 한p - Suc Khoe,2026-03-23 00:00:00,2026-03-23 00:00:00,
1520,Lam 한p - Suc Khoe,2026-03-24 00:00:00,2026-03-24 00:00:00,
1583,Sua rua mat,2026-03-25 00:00:00,2026-03-25 00:00:00,
11605,Dung dich tay trang,2026-03-26 00:00:00,2026-03-26 00:00:00,
8208,Mat na giay,2026-03-27 00:00:00,2026-03-27 00:00:00,
3422,Kem chong nang,2026-03-28 00:00:00,2026-03-28 00:00:00,
11605,Dung dich tay trang,2026-03-29 00:00:00,2026-03-29 00:00:00,
1598,Sua tam,2026-03-30 00:00:00,2026-03-30 00:00:00,
1520,Lam 한p - Suc Khoe,2026-03-31 00:00:00,2026-03-31 00:00:00,
1583,Sua rua mat,2026-04-01 00:00:00,2026-04-01 00:00:00,
11878,Xe tay ga,2026-04-02 00:00:00,2026-04-02 00:00:00,
6061,Phu kien xe may,2026-04-03 00:00:00,2026-04-03 00:00:00,
11878,Xe tay ga,2026-04-04 00:00:00,2026-04-04 00:00:00,
8594,O To - Xe May - Xe 하p,2026-04-05 00:00:00,2026-04-05 00:00:00,
45530,Bom xe dap,2026-04-06 00:00:00,2026-04-06 00:00:00,
46208,Phu gia cham soc khac,2026-04-07 00:00:00,2026-04-07 00:00:00,
8594,O To - Xe May - Xe 하p,2026-04-08 00:00:00,2026-04-08 00:00:00,
45528,한n xe dap,2026-04-09 00:00:00,2026-04-09 00:00:00,
8594,O To - Xe May - Xe 하p,2026-04-10 00:00:00,2026-04-10 00:00:00,
45568,Phu kien ngoai that khac,2026-04-11 00:00:00,2026-04-11 00:00:00,
24354,"Goi, dem, ghe o to",2026-04-12 00:00:00,2026-04-12 00:00:00,
45518,Bao duong - 하nh bong,2026-04-13 00:00:00,2026-04-13 00:00:00,
52230,Bom xe o to,2026-04-14 00:00:00,2026-04-14 00:00:00,
6045,Phu kien o to,2026-04-15 00:00:00,2026-04-15 00:00:00,
8594,O To - Xe May - Xe 하p,2026-04-16 00:00:00,2026-04-16 00:00:00,
46190,Mu 1/2,2026-04-17 00:00:00,2026-04-17 00:00:00,
45598,Keo - Bang keo chuyen dung,2026-04-18 00:00:00,2026-04-18 00:00:00,
46190,Mu 1/2,2026-04-19 00:00:00,2026-04-19 00:00:00,
6045,Phu kien o to,2026-04-20 00:00:00,2026-04-20 00:00:00,
37598,Phieu mua xe may,2026-04-21 00:00:00,2026-04-21 00:00:00,
24358,"Nuoc hoa, sap thom o to",2026-04-22 00:00:00,2026-04-22 00:00:00,
45568,Phu kien ngoai that khac,2026-04-23 00:00:00,2026-04-23 00:00:00,
6255,Phan Mem May Tinh,2026-04-24 00:00:00,2026-04-24 00:00:00,
4642,Phu Kien Thiet Bi Mang,2026-04-25 00:00:00,2026-04-25 00:00:00,
1846,Laptop - May Vi Tinh - Linh kien,2026-04-26 00:00:00,2026-04-26 00:00:00,
1828,USB,2026-04-27 00:00:00,2026-04-27 00:00:00,
1828,USB,2026-04-28 00:00:00,2026-04-28 00:00:00,
1828,USB,2026-04-29 00:00:00,2026-04-29 00:00:00,
28932,Man Hinh Pho Thong,2026-04-30 00:00:00,2026-04-30 00:00:00,
1846,Laptop - May Vi Tinh - Linh kien,2026-05-01 00:00:00,2026-05-01 00:00:00,
6561,May In Phun,2026-05-02 00:00:00,2026-05-02 00:00:00,
1846,Laptop - May Vi Tinh - Linh kien,2026-05-03 00:00:00,2026-05-03 00:00:00,
28840,O Cung SSD Di 핦ng,2026-05-04 00:00:00,2026-05-04 00:00:00,
1846,Laptop - May Vi Tinh - Linh kien,2026-05-05 00:00:00,2026-05-05 00:00:00,
1846,Laptop - May Vi Tinh - Linh kien,2026-05-06 00:00:00,2026-05-06 00:00:00,
28932,Man Hinh Pho Thong,2026-05-07 00:00:00,2026-05-07 00:00:00,
4294,USB Wifi,2026-05-08 00:00:00,2026-05-08 00:00:00,
12672,Man Hinh Gaming,2026-05-09 00:00:00,2026-05-09 00:00:00,
1846,Laptop - May Vi Tinh - Linh kien,2026-05-10 00:00:00,2026-05-10 00:00:00,
1828,USB,2026-05-11 00:00:00,2026-05-11 00:00:00,
1828,USB,2026-05-12 00:00:00,2026-05-12 00:00:00,
6255,Phan Mem May Tinh,2026-05-13 00:00:00,2026-05-13 00:00:00,
28944,Drums va Toner Cho May In Laser,2026-05-14 00:00:00,2026-05-14 00:00:00,
1828,USB,2026-05-15 00:00:00,2026-05-15 00:00:00,
1828,USB,2026-05-16 00:00:00,2026-05-16 00:00:00,
1828,USB,2026-05-17 00:00:00,2026-05-17 00:00:00,
12672,Man Hinh Gaming,2026-05-18 00:00:00,2026-05-18 00:00:00,
4293,Router Wifi,2026-05-19 00:00:00,2026-05-19 00:00:00,
4454,Bo Chia Mang - Switch,2026-05-20 00:00:00,2026-05-20 00:00:00,
4294,USB Wifi,2026-05-21 00:00:00,2026-05-21 00:00:00,
4454,Bo Chia Mang - Switch,2026-05-22 00:00:00,2026-05-22 00:00:00,
28944,Drums va Toner Cho May In Laser,2026-05-23 00:00:00,2026-05-23 00:00:00,
2,Root,2026-05-24 00:00:00,2026-05-24 00:00:00,
1828,USB,2026-05-25 00:00:00,2026-05-25 00:00:00,
2458,Macbook,2026-05-26 00:00:00,2026-05-26 00:00:00,
1846,Laptop - May Vi Tinh - Linh kien,2026-05-27 00:00:00,2026-05-27 00:00:00,
28944,Drums va Toner Cho May In Laser,2026-05-28 00:00:00,2026-05-28 00:00:00,
28944,Drums va Toner Cho May In Laser,2026-05-29 00:00:00,2026-05-29 00:00:00,
1828,USB,2026-05-30 00:00:00,2026-05-30 00:00:00,
28944,Drums va Toner Cho May In Laser,2026-05-31 00:00:00,2026-05-31 00:00:00,
12672,Man Hinh Gaming,2026-06-01 00:00:00,2026-06-01 00:00:00,
1828,USB,2026-06-02 00:00:00,2026-06-02 00:00:00,
1801,May Anh - May Quay Phim,2026-06-03 00:00:00,2026-06-03 00:00:00,
1801,May Anh - May Quay Phim,2026-06-04 00:00:00,2026-06-04 00:00:00,
7912,Phu Kien Camera Giam Sat,2026-06-05 00:00:00,2026-06-05 00:00:00,
1801,May Anh - May Quay Phim,2026-06-06 00:00:00,2026-06-06 00:00:00,
5121,Camera IP,2026-06-07 00:00:00,2026-06-07 00:00:00,
1801,May Anh - May Quay Phim,2026-06-08 00:00:00,2026-06-08 00:00:00,
5121,Camera IP,2026-06-09 00:00:00,2026-06-09 00:00:00,
5121,Camera IP,2026-06-10 00:00:00,2026-06-10 00:00:00,
1801,May Anh - May Quay Phim,2026-06-11 00:00:00,2026-06-11 00:00:00,
5121,Camera IP,2026-06-12 00:00:00,2026-06-12 00:00:00,
5121,Camera IP,2026-06-13 00:00:00,2026-06-13 00:00:00,
7912,Phu Kien Camera Giam Sat,2026-06-14 00:00:00,2026-06-14 00:00:00,
1801,May Anh - May Quay Phim,2026-06-15 00:00:00,2026-06-15 00:00:00,
1801,May Anh - May Quay Phim,2026-06-16 00:00:00,2026-06-16 00:00:00,
7912,Phu Kien Camera Giam Sat,2026-06-17 00:00:00,2026-06-17 00:00:00,
5121,Camera IP,2026-06-18 00:00:00,2026-06-18 00:00:00,
5121,Camera IP,2026-06-19 00:00:00,2026-06-19 00:00:00,
5121,Camera IP,2026-06-20 00:00:00,2026-06-20 00:00:00,
5121,Camera IP,2026-06-21 00:00:00,2026-06-21 00:00:00,
5121,Camera IP,2026-06-22 00:00:00,2026-06-22 00:00:00,
67123,Tripod,2026-06-23 00:00:00,2026-06-23 00:00:00,
28766,"Tui Hut Am Cho May Anh, May Quay",2026-06-24 00:00:00,2026-06-24 00:00:00,
2681,The Nho SD,2026-06-25 00:00:00,2026-06-25 00:00:00,
5121,Camera IP,2026-06-26 00:00:00,2026-06-26 00:00:00,
5121,Camera IP,2026-06-27 00:00:00,2026-06-27 00:00:00,
2681,The Nho SD,2026-06-28 00:00:00,2026-06-28 00:00:00,
5121,Camera IP,2026-06-29 00:00:00,2026-06-29 00:00:00,
1801,May Anh - May Quay Phim,2026-06-30 00:00:00,2026-06-30 00:00:00,
5121,Camera IP,2026-07-01 00:00:00,2026-07-01 00:00:00,
5121,Camera IP,2026-07-02 00:00:00,2026-07-02 00:00:00,
5121,Camera IP,2026-07-03 00:00:00,2026-07-03 00:00:00,
5121,Camera IP,2026-07-04 00:00:00,2026-07-04 00:00:00,
7912,Phu Kien Camera Giam Sat,2026-07-05 00:00:00,2026-07-05 00:00:00,
28766,"Tui Hut Am Cho May Anh, May Quay",2026-07-06 00:00:00,2026-07-06 00:00:00,
7912,Phu Kien Camera Giam Sat,2026-07-07 00:00:00,2026-07-07 00:00:00,
2681,The Nho SD,2026-07-08 00:00:00,2026-07-08 00:00:00,
5121,Camera IP,2026-07-09 00:00:00,2026-07-09 00:00:00,
5121,Camera IP,2026-07-10 00:00:00,2026-07-10 00:00:00,
5121,Camera IP,2026-07-11 00:00:00,2026-07-11 00:00:00,
1801,May Anh - May Quay Phim,2026-07-12 00:00:00,2026-07-12 00:00:00,
68622,Ca phe hoa tan,2026-07-13 00:00:00,2026-07-13 00:00:00,
4384,Bach Hoa Online,2026-07-14 00:00:00,2026-07-14 00:00:00,
4423,Ca phe,2026-07-15 00:00:00,2026-07-15 00:00:00,
68622,Ca phe hoa tan,2026-07-16 00:00:00,2026-07-16 00:00:00,
4384,Bach Hoa Online,2026-07-17 00:00:00,2026-07-17 00:00:00,
68622,Ca phe hoa tan,2026-07-18 00:00:00,2026-07-18 00:00:00,
4384,Bach Hoa Online,2026-07-19 00:00:00,2026-07-19 00:00:00,
67042,Banh gao,2026-07-20 00:00:00,2026-07-20 00:00:00,
67073,Sua huong vi,2026-07-21 00:00:00,2026-07-21 00:00:00,
68622,Ca phe hoa tan,2026-07-22 00:00:00,2026-07-22 00:00:00,
68622,Ca phe hoa tan,2026-07-23 00:00:00,2026-07-23 00:00:00,
68623,Ca phe rang xay,2026-07-24 00:00:00,2026-07-24 00:00:00,
4384,Bach Hoa Online,2026-07-25 00:00:00,2026-07-25 00:00:00,
5461,Thuc an cho meo,2026-07-26 00:00:00,2026-07-26 00:00:00,
68623,Ca phe rang xay,2026-07-27 00:00:00,2026-07-27 00:00:00,
68622,Ca phe hoa tan,2026-07-28 00:00:00,2026-07-28 00:00:00,
68623,Ca phe rang xay,2026-07-29 00:00:00,2026-07-29 00:00:00,
4384,Bach Hoa Online,2026-07-30 00:00:00,2026-07-30 00:00:00,
67787,Gel nang luong,2026-07-31 00:00:00,2026-07-31 00:00:00,
24122,Tham yoga,2026-08-01 00:00:00,2026-08-01 00:00:00,
67635,Kinh boi nguoi lon chong tia UV,2026-08-02 00:00:00,2026-08-02 00:00:00,
24152,Day nhay,2026-08-03 00:00:00,2026-08-03 00:00:00,
67787,Gel nang luong,2026-08-04 00:00:00,2026-08-04 00:00:00,
1975,The Thao - Da Ngoai,2026-08-05 00:00:00,2026-08-05 00:00:00,
1975,The Thao - Da Ngoai,2026-08-06 00:00:00,2026-08-06 00:00:00,
67743,Vot pickleball,2026-08-07 00:00:00,2026-08-07 00:00:00,
24122,Tham yoga,2026-08-08 00:00:00,2026-08-08 00:00:00,
24318,Phu kien the thao khac,2026-08-09 00:00:00,2026-08-09 00:00:00,
3242,한n pin doi dau,2026-08-10 00:00:00,2026-08-10 00:00:00,
24316,Gang tay tap gym,2026-08-11 00:00:00,2026-08-11 00:00:00,
24122,Tham yoga,2026-08-12 00:00:00,2026-08-12 00:00:00,
67639,Non boi nguoi lon,2026-08-13 00:00:00,2026-08-13 00:00:00,
24150,Dung cu tap eo,2026-08-14 00:00:00,2026-08-14 00:00:00,
24276,Bat lua Zippo,2026-08-15 00:00:00,2026-08-15 00:00:00,
24122,Tham yoga,2026-08-16 00:00:00,2026-08-16 00:00:00,
1975,The Thao - Da Ngoai,2026-08-17 00:00:00,2026-08-17 00:00:00,
1975,The Thao - Da Ngoai,2026-08-18 00:00:00,2026-08-18 00:00:00,
24138,Xa don,2026-08-19 00:00:00,2026-08-19 00:00:00,
24198,Quan dai tap Gym va Boxing Nam,2026-08-20 00:00:00,2026-08-20 00:00:00,
39752,Vo the thao,2026-08-21 00:00:00,2026-08-21 00:00:00,
24276,Bat lua Zippo,2026-08-22 00:00:00,2026-08-22 00:00:00,
67743,Vot pickleball,2026-08-23 00:00:00,2026-08-23 00:00:00,
24276,Bat lua Zippo,2026-08-24 00:00:00,2026-08-24 00:00:00,
1975,The Thao - Da Ngoai,2026-08-25 00:00:00,2026-08-25 00:00:00,
24144,Con lan tap bung,2026-08-26 00:00:00,2026-08-26 00:00:00,
67487,Ghe xep da ngoai,2026-08-27 00:00:00,2026-08-27 00:00:00,
24276,Bat lua Zippo,2026-08-28 00:00:00,2026-08-28 00:00:00,
67778,Whey Protein Isolate,2026-08-29 00:00:00,2026-08-29 00:00:00,
24314,"Khan da nang, khan the thao",2026-08-30 00:00:00,2026-08-30 00:00:00,
24318,Phu kien the thao khac,2026-08-31 00:00:00,2026-08-31 00:00:00,
23898,Vot cau long,2026-09-01 00:00:00,2026-09-01 00:00:00,
1975,The Thao - Da Ngoai,2026-09-02 00:00:00,2026-09-02 00:00:00,
1975,The Thao - Da Ngoai,2026-09-03 00:00:00,2026-09-03 00:00:00,
1975,The Thao - Da Ngoai,2026-09-04 00:00:00,2026-09-04 00:00:00,
24300,Day cau,2026-09-05 00:00:00,2026-09-05 00:00:00,
67737,Banh pickleball,2026-09-06 00:00:00,2026-09-06 00:00:00,
1975,The Thao - Da Ngoai,2026-09-07 00:00:00,2026-09-07 00:00:00,
1975,The Thao - Da Ngoai,2026-09-08 00:00:00,2026-09-08 00:00:00,
49504,Quan short thun nam,2026-09-09 00:00:00,2026-09-09 00:00:00,
67326,Quan lot kieu brief nam,2026-09-10 00:00:00,2026-09-10 00:00:00,
49504,Quan short thun nam,2026-09-11 00:00:00,2026-09-11 00:00:00,
67324,Quan lot boxer nam,2026-09-12 00:00:00,2026-09-12 00:00:00,
49504,Quan short thun nam,2026-09-13 00:00:00,2026-09-13 00:00:00,
10378,Ao thun nam ba lo,2026-09-14 00:00:00,2026-09-14 00:00:00,
49504,Quan short thun nam,2026-09-15 00:00:00,2026-09-15 00:00:00,
1685,Ao thun nam ngan tay khong co,2026-09-16 00:00:00,2026-09-16 00:00:00,
2,Root,2026-09-17 00:00:00,2026-09-17 00:00:00,
67326,Quan lot kieu brief nam,2026-09-18 00:00:00,2026-09-18 00:00:00,
67324,Quan lot boxer nam,2026-09-19 00:00:00,2026-09-19 00:00:00,
49446,Ao so mi nam tay dai tron,2026-09-20 00:00:00,2026-09-20 00:00:00,
915,Thoi trang nam,2026-09-21 00:00:00,2026-09-21 00:00:00,
67326,Quan lot kieu brief nam,2026-09-22 00:00:00,2026-09-22 00:00:00,
67326,Quan lot kieu brief nam,2026-09-23 00:00:00,2026-09-23 00:00:00,
49504,Quan short thun nam,2026-09-24 00:00:00,2026-09-24 00:00:00,
4556,Quan lot nam,2026-09-25 00:00:00,2026-09-25 00:00:00,
49504,Quan short thun nam,2026-09-26 00:00:00,2026-09-26 00:00:00,
67326,Quan lot kieu brief nam,2026-09-27 00:00:00,2026-09-27 00:00:00,
1685,Ao thun nam ngan tay khong co,2026-09-28 00:00:00,2026-09-28 00:00:00,
49458,Ao khoac gio,2026-09-29 00:00:00,2026-09-29 00:00:00,
67326,Quan lot kieu brief nam,2026-09-30 00:00:00,2026-09-30 00:00:00,
5333,Ao thun nam ngan tay co co,2026-10-01 00:00:00,2026-10-01 00:00:00,
915,Thoi trang nam,2026-10-02 00:00:00,2026-10-02 00:00:00,
915,Thoi trang nam,2026-10-03 00:00:00,2026-10-03 00:00:00,
10378,Ao thun nam ba lo,2026-10-04 00:00:00,2026-10-04 00:00:00,
49458,Ao khoac gio,2026-10-05 00:00:00,2026-10-05 00:00:00,
49498,Quan short kaki nam,2026-10-06 00:00:00,2026-10-06 00:00:00,
67246,Ao thun gia dinh cho nam,2026-10-07 00:00:00,2026-10-07 00:00:00,
2,Root,2026-10-08 00:00:00,2026-10-08 00:00:00,
1685,Ao thun nam ngan tay khong co,2026-10-09 00:00:00,2026-10-09 00:00:00,
49504,Quan short thun nam,2026-10-10 00:00:00,2026-10-10 00:00:00,
67326,Quan lot kieu brief nam,2026-10-11 00:00:00,2026-10-11 00:00:00,
49446,Ao so mi nam tay dai tron,2026-10-12 00:00:00,2026-10-12 00:00:00,
915,Thoi trang nam,2026-10-13 00:00:00,2026-10-13 00:00:00,
49450,Ao so mi nam tay ngan tron,2026-10-14 00:00:00,2026-10-14 00:00:00,
8336,Ao thun nam dai tay khong co,2026-10-15 00:00:00,2026-10-15 00:00:00,
49452,Ao so mi nam tay ngan hoa tiet,2026-10-16 00:00:00,2026-10-16 00:00:00,
49500,Quan kaki nam dai,2026-10-17 00:00:00,2026-10-17 00:00:00,
49504,Quan short thun nam,2026-10-18 00:00:00,2026-10-18 00:00:00,
2,Root,2026-10-19 00:00:00,2026-10-19 00:00:00,
2,Root,2026-10-20 00:00:00,2026-10-20 00:00:00,
2,Root,2026-10-21 00:00:00,2026-10-21 00:00:00,
2,Root,2026-10-22 00:00:00,2026-10-22 00:00:00,
2,Root,2026-10-23 00:00:00,2026-10-23 00:00:00,
2,Root,2026-10-24 00:00:00,2026-10-24 00:00:00,
2,Root,2026-10-25 00:00:00,2026-10-25 00:00:00,
2,Root,2026-10-26 00:00:00,2026-10-26 00:00:00,
2,Root,2026-10-27 00:00:00,2026-10-27 00:00:00,
2,Root,2026-10-28 00:00:00,2026-10-28 00:00:00,
2,Root,2026-10-29 00:00:00,2026-10-29 00:00:00,
2,Root,2026-10-30 00:00:00,2026-10-30 00:00:00,
21306,Business & Economics,2026-10-31 00:00:00,2026-10-31 00:00:00,
20922,San pham cham soc ca nhan khac,2026-11-01 00:00:00,2026-11-01 00:00:00,
21358,Cac mon the thao choi vot,2026-11-02 00:00:00,2026-11-02 00:00:00,
2,Root,2026-11-03 00:00:00,2026-11-03 00:00:00,
2,Root,2026-11-04 00:00:00,2026-11-04 00:00:00,
17166,Cross Border - Hang Quoc Te,2026-11-05 00:00:00,2026-11-05 00:00:00,
2,Root,2026-11-06 00:00:00,2026-11-06 00:00:00,
2,Root,2026-11-07 00:00:00,2026-11-07 00:00:00,
2,Root,2026-11-08 00:00:00,2026-11-08 00:00:00,
21120,Thiet bi luu tru khac,2026-11-09 00:00:00,2026-11-09 00:00:00,
69182,Sua nuoc chuc nang cho nguoi lon,2026-11-10 00:00:00,2026-11-10 00:00:00,
2,Root,2026-11-11 00:00:00,2026-11-11 00:00:00,
2,Root,2026-11-12 00:00:00,2026-11-12 00:00:00,
2,Root,2026-11-13 00:00:00,2026-11-13 00:00:00,
20924,Thiet bi cham soc rang,2026-11-14 00:00:00,2026-11-14 00:00:00,
21304,Biographies & Memoirs,2026-11-15 00:00:00,2026-11-15 00:00:00,
21352,Phu kien xe dap,2026-11-16 00:00:00,2026-11-16 00:00:00,
2,Root,2026-11-17 00:00:00,2026-11-17 00:00:00,
2,Root,2026-11-18 00:00:00,2026-11-18 00:00:00,
21352,Phu kien xe dap,2026-11-19 00:00:00,2026-11-19 00:00:00,
2,Root,2026-11-20 00:00:00,2026-11-20 00:00:00,
2,Root,2026-11-21 00:00:00,2026-11-21 00:00:00,
21372,The thao duoi nuoc,2026-11-22 00:00:00,2026-11-22 00:00:00,
2,Root,2026-11-23 00:00:00,2026-11-23 00:00:00,
2,Root,2026-11-24 00:00:00,2026-11-24 00:00:00,
55630,Ban chai dien,2026-11-25 00:00:00,2026-11-25 00:00:00,
2,Root,2026-11-26 00:00:00,2026-11-26 00:00:00,
2,Root,2026-11-27 00:00:00,2026-11-27 00:00:00,
49728,Pin dong ho,2026-11-28 00:00:00,2026-11-28 00:00:00,
49722,Day dong ho,2026-11-29 00:00:00,2026-11-29 00:00:00,
2,Root,2026-11-30 00:00:00,2026-11-30 00:00:00,
15320,Bong tai,2026-12-01 00:00:00,2026-12-01 00:00:00,
49722,Day dong ho,2026-12-02 00:00:00,2026-12-02 00:00:00,
15318,Vong tay,2026-12-03 00:00:00,2026-12-03 00:00:00,
8371,핦ng ho va Trang suc,2026-12-04 00:00:00,2026-12-04 00:00:00,
8371,핦ng ho va Trang suc,2026-12-05 00:00:00,2026-12-05 00:00:00,
8371,핦ng ho va Trang suc,2026-12-06 00:00:00,2026-12-06 00:00:00,
2,Root,2026-12-07 00:00:00,2026-12-07 00:00:00,
914,Thoi Trang,2026-12-08 00:00:00,2026-12-08 00:00:00,
49722,Day dong ho,2026-12-09 00:00:00,2026-12-09 00:00:00,
914,Thoi Trang,2026-12-10 00:00:00,2026-12-10 00:00:00,
49722,Day dong ho,2026-12-11 00:00:00,2026-12-11 00:00:00,
15318,Vong tay,2026-12-12 00:00:00,2026-12-12 00:00:00,
2,Root,2026-12-13 00:00:00,2026-12-13 00:00:00,
2,Root,2026-12-14 00:00:00,2026-12-14 00:00:00,
2,Root,2026-12-15 00:00:00,2026-12-15 00:00:00,
2,Root,2026-12-16 00:00:00,2026-12-16 00:00:00,
15236,Nhan,2026-12-17 00:00:00,2026-12-17 00:00:00,
8371,핦ng ho va Trang suc,2026-12-18 00:00:00,2026-12-18 00:00:00,
49722,Day dong ho,2026-12-19 00:00:00,2026-12-19 00:00:00,
